City_ID,City,Country,Lat,Lng,Max Temp,Humidity,Cloudiness,Wind Speed,Current Description
0,Hamilton,US,39.1834,-84.5333,28.99,86,90,11.5,snow
1,Port Alfred,ZA,-33.5906,26.891,65.44,71,73,17.52,broken clouds
2,Nikolskoye,RU,59.7035,30.7861,25.0,93,75,4.47,snow
3,Pevek,RU,69.7008,170.3133,4.62,90,100,23.22,light snow
4,New Norfolk,AU,-42.7826,147.0587,70.0,50,60,3.0,broken clouds
5,San Patricio,US,28.017,-97.5169,55.4,57,1,4.61,clear sky
6,Amargosa,BR,-13.0303,-39.6047,68.86,98,47,3.71,scattered clouds
7,Rikitea,PF,-23.1203,-134.9692,78.71,75,97,13.33,overcast clouds
8,Busselton,AU,-33.65,115.3333,93.0,33,0,4.63,clear sky
9,Cape Town,ZA,-33.9258,18.4232,66.0,67,0,4.61,clear sky
10,Jamestown,US,42.097,-79.2353,23.0,93,90,12.66,snow
11,Vaini,TO,-21.2,-175.2,84.2,74,75,25.32,light rain
12,Hermanus,ZA,-34.4187,19.2345,64.0,66,0,10.0,clear sky
13,Dikson,RU,73.5069,80.5464,-12.57,85,99,16.6,overcast clouds
14,Provideniya,RU,64.3833,-173.3,5.59,92,100,23.31,snow
15,Mataura,NZ,-46.1927,168.8643,80.04,34,96,3.58,overcast clouds
16,Yarim,YE,14.298,44.3779,44.19,54,0,6.15,clear sky
17,Beloha,MG,-25.1667,45.05,76.5,87,0,4.34,clear sky
18,Bredasdorp,ZA,-34.5322,20.0403,60.8,67,1,9.22,clear sky
19,Hilo,US,19.7297,-155.09,75.2,64,20,9.22,few clouds
20,Port Elizabeth,ZA,-33.918,25.5701,64.4,72,0,9.22,clear sky
21,Pomabamba,PE,-8.8333,-77.4667,52.54,73,100,2.37,light rain
22,Coffs Harbour,AU,-30.3,153.1333,79.0,61,75,11.5,broken clouds
23,Kapaa,US,22.0752,-159.319,73.4,88,90,11.5,overcast clouds
24,Albany,US,42.6001,-73.9662,25.0,84,100,3.0,snow
25,Grindavik,IS,63.8424,-22.4338,33.8,69,20,17.27,few clouds
26,Staryy Nadym,RU,65.6118,72.6842,8.29,95,100,15.57,light snow
27,Ribeira Grande,PT,38.5167,-28.7,57.74,71,100,25.81,overcast clouds
28,Deputatskiy,RU,69.3,139.9,-27.4,87,100,6.22,light snow
29,Hambantota,LK,6.1241,81.1185,78.8,94,75,6.91,broken clouds
30,Sagua La Grande,CU,22.8067,-80.0756,66.2,88,40,6.91,light rain
31,Bolotnoye,RU,55.6717,84.3981,0.57,84,1,5.7,clear sky
32,Mehamn,NO,71.0357,27.8492,25.39,93,100,12.41,light snow
33,Kijang,KR,35.2442,129.2139,37.4,18,0,9.22,clear sky
34,Abengourou,CI,6.7297,-3.4964,71.4,98,26,1.74,scattered clouds
35,Ushuaia,AR,-54.8,-68.3,48.2,81,75,9.22,light rain
36,Punta Arenas,CL,-53.15,-70.9167,51.8,71,0,21.85,clear sky
37,Hobart,AU,-42.8794,147.3294,70.0,39,40,17.27,scattered clouds
38,Torbay,CA,47.6666,-52.7314,28.0,86,90,12.66,overcast clouds
39,Chumikan,RU,54.7183,135.315,-24.02,74,14,18.3,few clouds
40,Canyon Lake,US,29.8752,-98.2625,46.99,66,0,4.27,clear sky
41,Bluff,NZ,-46.6,168.3333,64.99,67,96,6.78,overcast clouds
42,Kupino,RU,54.3663,77.2981,-1.95,91,0,3.49,clear sky
43,Qaanaaq,GL,77.484,-69.3632,-8.66,76,76,4.76,broken clouds
44,Padang,ID,-0.9492,100.3543,86.0,74,20,5.75,few clouds
45,Chokurdakh,RU,70.6333,147.9167,0.39,93,100,21.12,light snow
46,Taunsa,PK,30.7048,70.6505,56.93,35,0,5.61,clear sky
47,Lorengau,PG,-2.0226,147.2712,83.57,75,98,14.45,overcast clouds
48,Castro,BR,-24.7911,-50.0119,65.59,95,98,2.46,overcast clouds
49,Erenhot,CN,43.6475,111.9767,-2.42,83,6,5.95,clear sky
50,Birjand,IR,32.8663,59.2211,26.6,54,0,9.22,clear sky
51,Kapit,MY,2.0167,112.9333,78.17,82,100,2.64,light rain
52,Almeirim,BR,-1.5233,-52.5817,76.48,85,69,5.39,broken clouds
53,Broken Hill,AU,-31.95,141.4333,75.2,25,0,19.57,clear sky
54,Saskylakh,RU,71.9167,114.0833,-32.76,83,99,6.93,overcast clouds
55,Srednekolymsk,RU,67.45,153.6833,-9.71,90,100,14.16,light snow
56,Lumphat,KH,13.4878,106.9816,81.59,44,3,6.42,clear sky
57,Georgetown,MY,5.4112,100.3354,86.0,70,20,2.3,few clouds
58,Sinegorye,RU,62.0788,150.477,-27.92,79,100,5.93,overcast clouds
59,Severo-Kurilsk,RU,50.6789,156.125,20.41,96,100,15.95,snow
60,Port Augusta,AU,-32.5,137.7667,81.0,53,0,18.41,clear sky
61,Necochea,AR,-38.5473,-58.7368,60.01,83,74,7.4,broken clouds
62,Souillac,MU,-20.5167,57.5167,80.6,89,40,11.5,scattered clouds
63,Roald,NO,62.5833,6.1333,28.4,93,90,2.3,light snow
64,Husavik,IS,66.0449,-17.3389,19.4,79,0,2.3,clear sky
65,Opuwo,NA,-18.0607,13.84,64.51,39,53,4.38,broken clouds
66,Cherskiy,RU,68.75,161.3,7.43,92,100,9.22,overcast clouds
67,Urla,TR,38.3229,26.764,59.0,88,75,9.22,broken clouds
68,Fortuna,US,40.5982,-124.1573,51.01,100,90,4.61,overcast clouds
69,Wajima,JP,37.4,136.9,32.0,93,90,11.5,snow
70,Warrnambool,AU,-38.3833,142.4833,60.1,65,99,12.66,overcast clouds
71,Puerto Escondido,MX,15.85,-97.0667,78.8,78,1,7.16,clear sky
72,Kysyl-Syr,RU,63.8986,122.7617,-44.27,77,68,6.89,broken clouds
73,Ponta Delgada,PT,37.7333,-25.6667,60.01,88,40,19.57,scattered clouds
74,Hasaki,JP,35.7333,140.8333,53.6,81,75,4.61,broken clouds
75,Sola,VU,-13.8833,167.55,82.4,83,90,13.8,moderate rain
76,Mar Del Plata,AR,-38.0023,-57.5575,66.99,94,90,9.22,heavy intensity drizzle
77,Krasnyy Chikoy,RU,50.3643,108.7512,-13.54,82,99,1.83,overcast clouds
78,Katherine,AU,-14.4667,132.2667,89.6,58,40,5.75,scattered clouds
79,Saint-Philippe,RE,-21.3585,55.7679,80.6,83,75,3.44,light rain
80,Santa Marta,CO,11.2408,-74.199,84.99,65,20,5.75,few clouds
81,Sorland,NO,67.667,12.6934,36.25,79,100,11.95,overcast clouds
82,Alice Town,BS,25.7167,-79.3,61.88,72,0,30.53,clear sky
83,Popondetta,PG,-8.7537,148.2534,78.42,84,100,1.36,overcast clouds
84,Richards Bay,ZA,-28.783,32.0377,69.62,74,100,9.55,overcast clouds
85,Geraldton,AU,-28.7667,114.6,82.4,51,90,18.41,light rain
86,Coolum Beach,AU,-26.5333,153.1,73.99,96,89,1.01,overcast clouds
87,Taoudenni,ML,22.6783,-3.9836,66.25,27,10,11.16,clear sky
88,Butaritari,KI,3.0707,172.7902,81.55,83,81,15.79,light rain
89,East London,ZA,-33.0153,27.9116,62.6,77,20,4.61,few clouds
90,Barrow,US,71.2906,-156.7887,-23.8,76,1,13.8,clear sky
91,Hanzhong,CN,33.0728,107.0303,52.36,42,62,1.28,broken clouds
92,Dingle,PH,10.9995,122.6711,83.01,76,33,12.97,scattered clouds
93,Manyana,BW,-23.4,21.7167,65.23,93,1,4.25,clear sky
94,El Alto,PE,-4.2714,-81.2147,72.32,81,50,13.8,scattered clouds
95,Andilamena,MG,-17.0167,48.5833,66.51,94,81,4.81,broken clouds
96,Bathsheba,BB,13.2167,-59.5167,78.8,65,75,18.41,broken clouds
97,Nouadhibou,MR,20.931,-17.0347,64.4,77,0,16.11,clear sky
98,Thompson,CA,55.7435,-97.8558,10.4,92,75,3.44,broken clouds
99,Nenjiang,CN,49.1833,125.2167,-17.46,79,8,7.31,clear sky
100,Thinadhoo,MV,0.5333,72.9333,82.83,70,84,7.14,broken clouds
101,Mahebourg,MU,-20.4081,57.7,80.6,89,40,11.5,light rain
102,Clyde River,CA,70.4692,-68.5914,-22.0,63,1,5.75,clear sky
103,Atuona,PF,-9.8,-139.0333,78.57,78,3,15.01,clear sky
104,Coihaique,CL,-45.5752,-72.0662,57.2,62,0,3.44,clear sky
105,Mogadishu,SO,2.0371,45.3438,73.47,83,99,16.71,overcast clouds
106,Vanimo,PG,-2.6741,141.3028,80.98,82,100,5.17,overcast clouds
107,Camacha,PT,33.0833,-16.3333,60.8,77,75,4.61,broken clouds
108,Chulman,RU,56.8479,124.9104,-29.52,80,100,14.05,overcast clouds
109,Barao De Melgaco,BR,-16.1944,-55.9675,75.2,94,0,4.61,clear sky
110,Vila Franca Do Campo,PT,37.7167,-25.4333,60.01,88,40,19.57,scattered clouds
111,Lisakovsk,KZ,52.5369,62.4936,20.41,95,100,6.33,overcast clouds
112,Orje,NO,59.4802,11.6602,21.0,89,1,3.0,clear sky
113,Lavras,BR,-21.2453,-44.9997,66.42,94,100,8.37,light rain
114,Pirogovo,RU,56.7796,53.1495,19.0,90,100,5.23,snow
115,Kirkwall,GB,58.9848,-2.9587,35.6,80,40,14.97,scattered clouds
116,Tilichiki,RU,60.4667,166.1,9.64,96,100,9.1,overcast clouds
117,Chor,PK,25.5167,69.7667,63.97,36,0,3.91,clear sky
118,Kavieng,PG,-2.5744,150.7967,83.35,78,100,14.54,light rain
119,Kruisfontein,ZA,-34.0033,24.7314,53.01,91,48,7.92,scattered clouds
120,Evensk,RU,61.95,159.2333,-7.71,87,100,9.44,overcast clouds
121,Sitka,US,57.0531,-135.33,33.8,86,90,11.5,snow
122,Batesville,US,35.7698,-91.641,33.8,75,1,4.61,clear sky
123,Arcata,US,40.8665,-124.0828,50.0,93,90,4.61,overcast clouds
124,Vardo,NO,70.3705,31.1107,27.37,92,100,15.05,light snow
125,Fairlie,GB,55.756,-4.8556,37.0,86,100,5.99,light rain
126,Caucaia,BR,-3.7361,-38.6531,81.0,78,75,11.5,broken clouds
127,Faanui,PF,-16.4833,-151.75,81.39,75,67,11.23,broken clouds
128,Waddan,LY,29.1614,16.139,50.0,95,0,7.11,clear sky
129,Yellowknife,CA,62.456,-114.3525,-7.01,77,90,13.8,overcast clouds
130,Saint-Donat-De-Montcalm,CA,46.3187,-74.2219,17.6,86,67,2.3,broken clouds
131,Mount Isa,AU,-20.7333,139.5,98.6,30,40,9.22,scattered clouds
132,Carnarvon,AU,-24.8667,113.6333,91.4,46,75,19.57,broken clouds
133,Tuatapere,NZ,-46.1333,167.6833,74.1,47,84,2.33,light rain
134,Aksarka,RU,66.5606,67.7975,11.39,96,100,9.6,light snow
135,Emba,KZ,48.8264,58.1442,28.09,97,100,4.94,overcast clouds
136,Ferrol,ES,43.4832,-8.2369,60.01,72,100,11.99,overcast clouds
137,Mogok,MM,22.9167,96.5,69.04,31,0,1.41,clear sky
138,Abu Ghosh,IL,31.8059,35.1093,64.99,34,0,4.61,clear sky
139,Tiksi,RU,71.6872,128.8694,-16.04,89,100,12.35,overcast clouds
140,Pangkalanbuun,ID,-2.6833,111.6167,89.15,57,5,4.12,clear sky
141,Usinsk,RU,65.9939,57.5281,18.43,97,100,18.95,light snow
142,Ahipara,NZ,-35.1667,173.1667,70.09,61,4,3.53,clear sky
143,Hithadhoo,MV,-0.6,73.0833,81.99,72,22,4.43,few clouds
144,Vao,NC,-22.6667,167.4833,75.27,82,100,27.49,overcast clouds
145,Urengoy,RU,65.9667,78.3667,-4.09,91,100,18.63,overcast clouds
146,Labuhan,ID,-6.8844,112.2051,84.24,74,44,15.35,scattered clouds
147,Qui Nhon,VN,13.7667,109.2333,73.94,77,89,13.06,overcast clouds
148,San Cristobal,VE,7.7669,-72.225,67.98,74,78,0.94,broken clouds
149,Komsomolskiy,UZ,40.4272,71.7189,33.8,80,99,4.61,overcast clouds
150,Esterhazy,CA,50.65,-102.0843,15.8,92,100,12.66,overcast clouds
151,Kodiak,US,57.79,-152.4072,26.15,88,99,10.69,overcast clouds
152,Vallenar,CL,-28.5708,-70.7581,62.08,65,10,0.87,clear sky
153,Havelock,US,34.8791,-76.9013,35.6,87,90,18.41,overcast clouds
154,Puerto Ayora,EC,-0.7393,-90.3518,78.01,93,3,4.0,clear sky
155,Arraial Do Cabo,BR,-22.9661,-42.0278,76.3,85,99,25.32,overcast clouds
156,Zahesi,GE,41.8246,44.7536,32.0,86,0,2.3,clear sky
157,Avarua,CK,-21.2078,-159.775,80.6,78,75,6.91,broken clouds
158,Tasiilaq,GL,65.6145,-37.6368,17.6,79,90,26.46,snow
159,Rundu,NA,-17.9333,19.7667,65.39,95,100,4.72,overcast clouds
160,Ghanzi,BW,-21.5667,21.7833,68.68,89,100,7.7,overcast clouds
161,Worcester,US,42.3334,-71.8328,28.99,86,90,25.32,snow
162,Kaitangata,NZ,-46.2817,169.8464,70.0,70,29,7.0,scattered clouds
163,West Bay,KY,19.3667,-81.4167,78.01,73,75,8.05,broken clouds
164,Broome,US,42.2506,-75.833,25.0,86,90,14.97,snow
165,Lata,PT,40.1629,-8.3327,55.99,96,97,1.01,overcast clouds
166,Saint-Francois,FR,46.4154,3.9054,48.2,93,0,3.44,clear sky
167,Tautira,PF,-17.7333,-149.15,86.0,58,40,3.44,scattered clouds
168,Pacific Grove,US,36.6177,-121.9166,54.0,82,1,3.44,clear sky
169,Honningsvag,NO,70.9821,25.9704,27.99,97,100,9.57,light snow
170,Morant Bay,JM,17.8815,-76.4093,78.8,78,20,4.61,few clouds
171,Oranjemund,NA,-28.55,16.4333,60.58,92,0,1.88,clear sky
172,Masvingo,ZW,-20.0637,30.8277,67.5,95,100,14.0,moderate rain
173,Sorong,ID,-0.8833,131.25,83.23,76,6,8.19,clear sky
174,El Cobre,CU,20.0489,-75.9469,71.6,94,75,6.91,broken clouds
175,Tarakan,ID,3.3,117.6333,78.8,89,90,6.91,light rain
176,Stornoway,GB,58.2093,-6.3865,35.6,69,40,13.8,scattered clouds
177,Los Llanos De Aridane,ES,28.6585,-17.9182,62.6,82,20,9.22,few clouds
178,Namtsy,RU,62.7161,129.6658,-41.8,66,0,2.24,clear sky
179,Ponta Do Sol,PT,32.6667,-17.1,55.99,71,1,3.0,clear sky
180,Saint Paul,US,44.9444,-93.0933,24.8,68,90,3.44,overcast clouds
181,Rio Grande,BR,-32.035,-52.0986,73.0,96,55,6.98,broken clouds
182,Namibe,AO,-15.1961,12.1522,72.16,77,60,4.7,broken clouds
183,Robat Karim,IR,35.4846,51.0829,41.0,65,0,9.22,clear sky
184,Kandry,RU,54.5667,54.1167,30.92,98,100,15.9,snow
185,Ormara,PK,25.2088,64.6357,68.13,72,0,6.98,clear sky
186,Leningradskiy,RU,69.3833,178.4167,-0.65,86,100,31.76,overcast clouds
187,Bethel,US,41.3712,-73.414,30.2,93,90,16.11,snow
188,Yerbogachen,RU,61.2767,108.0108,-33.92,80,0,3.69,clear sky
189,Tuktoyaktuk,CA,69.4541,-133.0374,-16.6,76,75,9.22,light snow
190,Alofi,NU,-19.0595,-169.9187,77.0,100,90,6.91,light rain
191,Bengkulu,ID,-3.8004,102.2655,85.41,62,61,5.1,broken clouds
192,Kafanchan,NG,9.5833,8.3,59.0,36,0,8.05,haze
193,Gat,IL,31.61,34.7642,66.0,40,0,4.0,clear sky
194,Carutapera,BR,-1.195,-46.02,78.67,86,100,7.47,overcast clouds
195,Bucerias,MX,20.75,-105.3333,73.4,83,90,3.44,overcast clouds
196,Palmas Bellas,PA,9.2319,-80.0867,81.0,85,30,5.99,scattered clouds
197,Karasjok,NO,69.4719,25.5112,12.2,85,90,4.61,overcast clouds
198,Esperance,AU,-33.8667,121.9,77.0,41,0,12.66,clear sky
199,Fort Nelson,CA,58.8053,-122.7002,-7.6,77,75,6.91,light snow
200,Cabo San Lucas,MX,22.8909,-109.9124,66.0,77,20,3.44,few clouds
201,Khatanga,RU,71.9667,102.5,-30.64,83,0,10.29,clear sky
202,Caravelas,BR,-17.7125,-39.2481,74.82,87,100,4.07,overcast clouds
203,Humboldt,US,40.6665,-123.9178,51.01,100,90,4.61,overcast clouds
204,Pudozh,RU,61.8099,36.5345,21.99,98,100,7.94,snow
205,Faya,SA,18.3851,42.4509,51.8,93,0,1.14,clear sky
206,Bambous Virieux,MU,-20.3428,57.7575,82.99,89,40,11.5,light rain
207,Belaya Gora,RU,68.5333,146.4167,-4.85,92,100,11.54,light snow
208,Kasempa,ZM,-13.4584,25.8338,63.32,97,100,4.34,light rain
209,Olhao,PT,37.0286,-7.8411,59.0,100,75,3.44,broken clouds
210,Ponyri,RU,52.3186,36.3039,23.0,93,75,6.71,broken clouds
211,Bandarbeyla,SO,9.4942,50.8122,71.78,68,60,17.34,broken clouds
212,Bilma,NE,18.6853,12.9164,58.26,26,0,5.14,clear sky
213,Dudinka,RU,69.4058,86.1778,-12.12,87,93,10.78,overcast clouds
214,Airai,TL,-8.9266,125.4092,71.35,85,83,4.92,broken clouds
215,Kahului,US,20.8947,-156.47,77.0,61,40,18.41,light rain
216,Sibenik,HR,43.7272,15.9058,48.0,87,75,3.44,broken clouds
217,Narsaq,GL,60.9167,-46.05,26.6,74,40,2.3,scattered clouds
218,Ilulissat,GL,69.2167,-51.1,3.2,78,75,21.85,light snow
219,Haines Junction,CA,60.7522,-137.5108,-5.8,65,100,8.05,overcast clouds
220,Kamenka,RU,51.3223,42.7678,37.0,95,100,1.01,overcast clouds
221,Lebu,CL,-37.6167,-73.65,57.13,85,83,15.82,broken clouds
222,Knysna,ZA,-34.0363,23.0471,53.6,82,0,6.91,clear sky
223,Lasa,IT,46.6166,10.7002,35.01,100,20,4.61,few clouds
224,Hofn,IS,64.2539,-15.2082,32.34,91,99,13.53,overcast clouds
225,Wageningen,NL,51.9667,5.6667,36.0,100,90,1.14,mist
226,Tongchuan,CN,35.0806,109.0897,38.97,56,0,4.97,clear sky
227,Ust-Tsilma,RU,65.441,52.1498,15.62,95,100,10.2,overcast clouds
228,Washington,US,47.5001,-120.5015,39.99,93,100,1.48,light rain
229,Oyama,JP,36.3,139.8,54.0,76,40,4.61,scattered clouds
230,Minot,US,48.2325,-101.2963,25.0,86,1,5.75,clear sky
231,Lompoc,US,34.6391,-120.4579,51.8,87,90,0.81,overcast clouds
232,Fare,PF,-16.7,-151.0167,81.63,74,28,13.4,scattered clouds
233,Foumban,CM,5.7291,10.9001,59.02,48,12,1.12,few clouds
234,Sinnamary,GF,5.3833,-52.95,76.87,85,92,13.44,overcast clouds
235,Halifax,CA,44.6453,-63.5724,28.4,74,100,10.36,overcast clouds
236,Avera,US,33.194,-82.5271,37.4,80,1,10.36,clear sky
237,Half Moon Bay,US,37.4636,-122.4286,57.2,93,90,12.66,overcast clouds
238,Salacgriva,LV,57.7536,24.3581,24.01,95,100,4.0,overcast clouds
239,Man,CI,7.4125,-7.5538,68.45,46,1,2.17,clear sky
240,Derzhavinsk,KZ,51.1,66.3167,12.51,95,100,8.48,overcast clouds
241,Miramar,US,25.9873,-80.2323,59.0,51,75,12.66,broken clouds
242,Goderich,CA,43.7501,-81.7165,21.2,68,100,5.75,overcast clouds
243,Luganville,VU,-15.5333,167.1667,86.2,68,100,15.23,overcast clouds
244,Beringovskiy,RU,63.05,179.3167,29.39,99,99,17.11,overcast clouds
245,Gouyave,GD,12.1646,-61.7296,78.8,73,20,9.22,few clouds
246,Springdale,US,36.1867,-94.1288,35.6,87,1,5.75,clear sky
247,Marrakesh,MA,31.6315,-8.0083,53.6,66,0,1.14,clear sky
248,Constitucion,CL,-35.3333,-72.4167,57.58,86,0,8.79,clear sky
249,Isla Mujeres,MX,21.2311,-86.731,71.01,94,1,4.61,clear sky
250,Norman Wells,CA,65.282,-126.8329,-18.4,76,90,16.11,snow
251,Salalah,OM,17.0151,54.0924,73.4,21,20,14.97,few clouds
252,Arrecife,ES,28.963,-13.5477,59.0,88,0,8.05,clear sky
253,Ngorongoro,TZ,-3.2397,35.4875,48.54,91,100,3.06,overcast clouds
254,Nuevo Progreso,MX,23.1667,-97.95,55.99,59,0,1.01,clear sky
255,Brae,GB,60.3964,-1.353,39.2,65,75,18.41,broken clouds
256,Mahajanga,MG,-15.7167,46.3167,77.0,94,40,4.61,light rain
257,Sabha,LY,27.0377,14.4283,50.43,48,0,9.17,clear sky
258,Kasangulu,CD,-4.5911,15.1708,77.0,83,75,4.61,broken clouds
259,High Level,CA,58.5169,-117.136,-2.2,78,75,11.5,snow
260,Sao Filipe,CV,14.8961,-24.4956,71.37,79,0,10.78,clear sky
261,Caohai,CN,26.8661,104.2841,41.58,82,99,2.84,overcast clouds
262,Mutsu,JP,41.2894,141.2169,30.2,55,75,35.68,snow
263,Barhi,IN,23.9,80.8,60.71,31,0,1.79,clear sky
264,Laguna,US,38.421,-121.4238,60.01,47,40,6.91,scattered clouds
265,Benton Harbor,US,42.1167,-86.4542,32.0,74,75,6.91,broken clouds
266,Tocopilla,CL,-22.092,-70.1979,66.94,66,74,4.07,broken clouds
267,Cockburn Town,TC,21.4612,-71.1419,77.99,82,3,11.88,clear sky
268,Dennery,LC,13.8996,-60.8879,78.8,69,20,17.27,few clouds
269,Saint-Jean-De-Maurienne,FR,45.1667,6.5833,43.0,89,80,1.99,broken clouds
270,Olafsvik,IS,64.8945,-23.7142,35.53,80,100,12.3,overcast clouds
271,Wanning,CN,18.8003,110.3967,74.01,73,43,8.57,scattered clouds
272,Kavaratti,IN,10.5669,72.642,81.61,74,0,9.82,clear sky
273,Samarai,PG,-10.6167,150.6667,84.99,70,98,11.99,moderate rain
274,Ambunti,PG,-4.2365,142.8448,75.13,96,100,0.78,overcast clouds
275,Vestmannaeyjar,IS,63.4427,-20.2734,37.85,77,100,31.16,overcast clouds
276,Tucuman,AR,-26.8241,-65.2226,66.2,94,90,5.75,mist
277,Esmeraldas,BR,-19.7625,-44.3139,73.4,73,0,2.3,light rain
278,Mount Gambier,AU,-37.8333,140.7667,66.2,45,56,17.27,broken clouds
279,Unai,BR,-16.3575,-46.9061,72.3,78,93,0.85,overcast clouds
280,Biltine,TD,14.5333,20.9167,69.08,23,0,6.87,clear sky
281,Maragogi,BR,-9.0122,-35.2225,77.54,81,81,7.02,broken clouds
282,Wakefield,GB,53.6809,-1.499,36.0,94,100,9.98,snow
283,Tessalit,ML,20.1986,1.0114,61.48,31,19,9.86,few clouds
284,Saldanha,ZA,-33.0117,17.9442,66.2,55,0,2.3,clear sky
285,Baymak,RU,52.5933,58.3225,25.03,98,100,8.1,overcast clouds
286,Gornopravdinsk,RU,60.05,69.9,17.17,96,100,9.73,overcast clouds
287,Lagoa,PT,39.05,-27.9833,57.06,72,56,29.95,broken clouds
288,Tam Ky,VN,15.5667,108.4833,75.2,73,75,2.3,broken clouds
289,Soure,BR,-0.7167,-48.5233,78.26,87,96,10.96,moderate rain
290,Luwuk,ID,-0.9516,122.7875,89.74,54,82,0.98,broken clouds
291,Pushkino,RU,56.0172,37.8667,14.0,92,64,2.24,broken clouds
292,Giddalur,IN,15.35,78.9167,72.27,80,46,5.32,scattered clouds
293,Grand Gaube,MU,-20.0064,57.6608,82.99,76,17,7.0,few clouds
294,Guaratuba,BR,-25.8828,-48.5747,75.2,100,40,3.44,scattered clouds
295,Sakakah,SA,29.9697,40.2064,51.8,43,0,5.75,clear sky
296,Kuito,AO,-12.3833,16.9333,60.66,93,100,3.44,overcast clouds
297,Milot,HT,19.6167,-72.2167,73.2,76,87,3.31,overcast clouds
298,Darlowo,PL,54.421,16.4107,26.01,76,99,10.8,overcast clouds
299,Pundaguitan,PH,6.3711,126.1689,81.75,71,93,7.09,overcast clouds
300,Coquimbo,CL,-29.9533,-71.3436,59.0,88,0,5.75,clear sky
301,Leh,IN,34.1667,77.5833,5.11,71,51,1.92,broken clouds
302,Turukhansk,RU,65.8167,87.9833,-8.3,86,99,8.84,overcast clouds
303,Bay Roberts,CA,47.5999,-53.2648,27.0,86,90,12.66,overcast clouds
304,Iqaluit,CA,63.7506,-68.5145,-22.0,76,40,8.32,scattered clouds
305,Honiara,SB,-9.4333,159.95,79.21,84,97,11.54,heavy intensity rain
306,Preobrazheniye,RU,42.9019,133.9064,5.31,78,0,10.67,clear sky
307,Alcains,PT,39.9164,-7.4566,53.01,94,99,5.99,overcast clouds
308,Saint Marys,US,30.7305,-81.5465,42.8,65,75,16.11,broken clouds
309,Ajdabiya,LY,30.7554,20.2263,55.56,72,92,6.04,overcast clouds
310,Xichang,CN,27.8964,102.2634,52.14,48,1,2.37,clear sky
311,Isangel,VU,-19.55,169.2667,80.6,89,90,11.5,heavy intensity rain
312,Moose Factory,CA,51.2585,-80.6094,-9.4,84,1,2.3,clear sky
313,Hukuntsi,BW,-24.0,21.75,65.41,88,30,6.58,scattered clouds
314,Nanortalik,GL,60.1432,-45.2371,24.28,91,29,8.32,scattered clouds
315,Jinka,ET,5.65,36.65,63.7,36,82,2.77,broken clouds
316,Brigantine,US,39.4101,-74.3646,35.01,93,90,13.8,moderate rain
317,Pandaria,IN,22.2333,81.4167,65.26,25,0,0.49,clear sky
318,Oranjestad,AW,12.524,-70.027,78.8,78,20,14.97,few clouds
319,Longyearbyen,SJ,78.2186,15.6401,15.8,79,90,12.66,light snow
320,Pakenham,AU,-38.0667,145.4833,66.0,49,96,7.0,overcast clouds
321,Luderitz,NA,-26.6481,15.1594,61.83,85,0,14.65,clear sky
322,Okato,NZ,-39.2,173.8833,66.99,65,1,7.0,clear sky
323,Auki,SB,-8.7676,160.7034,82.51,82,74,14.47,light rain
324,Diamantino,BR,-14.4086,-56.4461,76.12,81,100,3.44,overcast clouds
325,Mayya,RU,61.7333,130.2811,-41.8,66,0,2.24,clear sky
326,Lac Du Bonnet,CA,50.2536,-96.0612,13.14,97,37,6.2,scattered clouds
327,Upernavik,GL,72.7868,-56.1549,-2.58,92,100,8.01,light snow
328,Zhigansk,RU,66.7697,123.3711,-44.77,77,52,7.74,broken clouds
329,Tamisan,PH,6.8437,126.2984,84.16,62,84,5.21,broken clouds
330,Anadyr,RU,64.75,177.4833,15.8,92,90,49.21,snow
331,Bulgan,MN,48.8125,103.5347,1.8,81,71,1.52,broken clouds
332,Adrar,MR,20.5022,-10.0711,67.98,21,99,9.04,overcast clouds
333,Pangnirtung,CA,66.1451,-65.7125,-32.21,75,8,2.39,clear sky
334,Boksitogorsk,RU,59.474,33.8485,25.0,91,100,8.01,overcast clouds
335,Khorixas,NA,-20.3667,14.9667,62.71,61,72,0.38,broken clouds
336,Pavilosta,LV,56.8879,21.1859,28.4,80,90,6.91,overcast clouds
337,Tamandare,BR,-8.7597,-35.1047,77.47,81,88,7.09,overcast clouds
338,Codrington,AU,-38.2667,141.9667,61.18,61,99,12.55,overcast clouds
339,Klaksvik,FO,62.2266,-6.589,30.2,69,18,4.61,few clouds
340,Bobrovytsya,UA,50.75,31.3833,18.0,86,0,11.18,clear sky
341,Warmbad,NA,-28.45,18.7333,70.34,48,0,4.74,clear sky
342,Wilmington,US,34.2257,-77.9447,39.2,81,90,10.36,overcast clouds
343,Gizo,SB,-8.103,156.8419,79.9,86,100,21.85,moderate rain
344,Tacuarembo,UY,-31.7333,-55.9833,71.38,85,45,0.92,scattered clouds
345,Yomou,GN,7.5603,-9.2653,72.73,91,70,3.6,broken clouds
346,Aguimes,ES,27.9054,-15.4461,64.99,88,20,16.11,few clouds
347,Camana,PE,-16.6228,-72.7111,69.73,76,92,5.93,overcast clouds
348,Tahta,EG,26.7693,31.5021,51.8,50,0,4.61,clear sky
349,Kushima,JP,31.4583,131.2333,60.8,31,20,20.71,few clouds
350,Pankovka,RU,58.5,31.1999,20.35,97,52,7.65,broken clouds
351,Dillon,US,34.4166,-79.3712,41.0,100,90,4.61,overcast clouds
352,Casa Grande,US,32.8795,-111.7573,66.0,34,1,8.05,clear sky
353,Mandera,KE,3.9366,41.867,71.19,75,31,5.46,scattered clouds
354,Atoyac,MX,20.0167,-103.5333,66.2,37,1,6.91,clear sky
355,Noyabrsk,RU,63.1994,75.4507,3.97,94,100,18.59,light snow
356,Rincon,US,32.296,-81.2354,44.6,57,90,18.41,overcast clouds
357,Mareeba,AU,-17.0,145.4333,91.0,56,99,3.0,overcast clouds
358,Ibitinga,BR,-21.7578,-48.8289,72.99,81,100,2.73,overcast clouds
359,Shenzhen,CN,22.5455,114.0683,75.99,74,0,5.23,clear sky
360,Tonantins,BR,-2.8731,-67.8022,74.73,96,89,2.28,overcast clouds
361,Dunedin,NZ,-45.8742,170.5036,63.0,80,3,27.0,clear sky
362,Chone,EC,-0.6833,-80.1,74.88,87,92,2.64,overcast clouds
363,Talnakh,RU,69.4865,88.3972,-13.97,87,91,7.87,overcast clouds
364,Nelson Bay,AU,-32.7167,152.15,73.4,73,75,19.57,broken clouds
365,Okhotsk,RU,59.3833,143.3,-15.88,88,100,13.76,overcast clouds
366,Luanda,AO,-8.8368,13.2343,78.8,83,75,5.75,broken clouds
367,Conceicao Do Araguaia,BR,-8.2578,-49.2647,74.1,88,76,1.05,broken clouds
368,Okmulgee,US,35.6234,-95.9605,32.0,86,1,4.61,clear sky
369,Waingapu,ID,-9.6567,120.2641,85.73,70,33,15.23,light rain
370,Fez,MA,34.0372,-4.9998,42.8,87,20,8.05,few clouds
371,Bagdarin,RU,54.4333,113.6,-16.96,73,0,3.76,clear sky
372,Petropavlovsk-Kamchatskiy,RU,53.0452,158.6483,19.4,38,0,15.66,clear sky
373,Chimbote,PE,-9.0853,-78.5783,69.24,82,78,4.61,broken clouds
374,Kigoma,TZ,-4.8769,29.6267,71.69,78,100,3.15,overcast clouds
375,Nerchinskiy Zavod,RU,51.3088,119.61,-23.39,80,16,3.13,few clouds
376,Te Anau,NZ,-45.4167,167.7167,70.7,52,99,6.46,overcast clouds
377,Tecoanapa,MX,16.5167,-98.75,77.36,84,0,4.09,clear sky
378,Kimparana,ML,12.8347,-4.9244,67.12,21,25,8.21,scattered clouds
379,Vostok,RU,46.4856,135.8833,-19.52,84,94,8.41,overcast clouds
380,Moerai,PF,-22.4333,-151.3333,80.85,66,95,8.12,overcast clouds
381,San Quintin,MX,30.4833,-115.95,61.29,70,100,3.74,overcast clouds
382,Panguna,PG,-6.3164,155.4848,75.56,91,100,3.94,moderate rain
383,Saint-Leu,RE,-21.15,55.2833,80.01,59,2,2.8,clear sky
384,Kosovska Mitrovica,XK,42.8833,20.8667,42.01,87,75,1.14,broken clouds
385,Ubala,CO,4.7478,-72.5369,77.94,61,81,4.61,broken clouds
386,Cidreira,BR,-30.1811,-50.2056,74.8,86,0,9.31,clear sky
387,Suba,PH,10.8438,121.0102,79.95,82,92,25.01,overcast clouds
388,Meiganga,CM,6.5167,14.3,59.34,39,19,1.54,few clouds
389,Alekseyevsk,RU,57.8406,108.3492,-30.53,81,76,3.47,broken clouds
390,Dakar,SN,14.6937,-17.4441,66.2,82,0,9.22,clear sky
391,Ayolas,PY,-27.4,-56.9,75.15,88,3,3.42,clear sky
392,Henties Bay,NA,-22.116,14.2845,66.99,82,67,1.99,broken clouds
393,Vrangel,RU,42.7297,133.0839,6.06,81,0,18.39,clear sky
394,Porto Novo,BJ,6.4965,2.6036,82.4,89,40,9.22,scattered clouds
395,Korla,CN,41.7597,86.1469,27.59,77,100,2.35,overcast clouds
396,Mont-De-Marsan,FR,44.0,-0.6667,53.6,94,90,3.44,overcast clouds
397,Gao,ML,16.6362,1.637,61.14,26,59,4.76,broken clouds
398,Delmas,HT,18.5447,-72.3028,72.66,73,4,2.04,clear sky
399,Nuuk,GL,64.1835,-51.7216,10.4,67,75,14.97,broken clouds
400,Wanxian,CN,30.8039,108.3897,57.76,52,92,4.25,overcast clouds
401,La Rioja,ES,42.25,-2.5,44.6,87,20,3.44,few clouds
402,Gobabis,NA,-22.45,18.9667,67.59,54,33,6.91,scattered clouds
403,Victoria,HK,22.2855,114.1577,75.99,64,0,4.0,clear sky
404,Silvassa,IN,20.2667,73.0167,74.62,24,0,1.7,clear sky
405,Gimli,CA,50.6336,-96.9907,19.4,86,44,10.36,scattered clouds
406,Port Keats,AU,-14.25,129.55,85.37,72,100,11.9,overcast clouds
407,Wasilla,US,61.5814,-149.4394,12.2,37,1,26.46,clear sky
408,Abu Kamal,SY,34.4506,40.9171,49.01,60,0,6.02,clear sky
409,Ust-Kulom,RU,61.6864,53.6902,17.38,96,98,7.25,overcast clouds
410,Cascavel,BR,-24.9558,-53.4553,68.32,99,87,5.61,overcast clouds
411,Pierre,US,44.3683,-100.351,28.4,86,90,12.66,overcast clouds
412,Vera Cruz,BR,-12.6333,-41.0333,67.66,97,37,2.24,scattered clouds
413,Damietta,EG,31.4165,31.8133,60.8,88,0,5.75,clear sky
414,Lavrentiya,RU,65.5833,-171.0,6.33,87,100,22.17,overcast clouds
415,Sao Joao Da Barra,BR,-21.6403,-41.0511,77.07,84,91,17.43,overcast clouds
416,Aklavik,CA,68.2191,-135.0107,-16.6,76,100,4.61,overcast clouds
417,Dukat,RU,62.55,155.55,-33.61,80,100,4.99,overcast clouds
418,Monte Azul,BR,-15.155,-42.8747,69.44,80,94,6.55,overcast clouds
419,Masaguisi,PH,12.7545,121.4484,80.67,74,87,12.84,overcast clouds
420,Jadu,LY,31.953,12.0261,49.03,79,48,9.93,scattered clouds
421,Katsuura,JP,35.1333,140.3,59.0,63,75,24.16,light rain
422,Chuy,UY,-33.6971,-53.4616,71.46,94,4,7.47,clear sky
423,Nome,US,64.5011,-165.4064,6.8,56,75,23.02,broken clouds
424,Adamas,GR,36.7333,24.4333,57.2,88,53,10.36,broken clouds
425,Batemans Bay,AU,-35.7167,150.1833,75.0,53,57,5.99,broken clouds
426,Iquitos,PE,-3.7481,-73.2472,77.0,94,20,3.44,few clouds
427,Xochistlahuaca,MX,16.7833,-98.25,71.37,85,0,1.45,clear sky
428,Shelburne,CA,44.0787,-80.2041,18.0,92,1,2.3,clear sky
429,Huicheng,CN,23.0385,116.2899,75.2,46,0,6.71,clear sky
430,Lady Frere,ZA,-31.7031,27.2329,54.37,82,98,4.76,overcast clouds
431,Maine-Soroa,NE,13.2114,12.0241,68.5,20,8,9.86,clear sky
432,Tangi,PK,34.3006,71.6536,51.8,58,75,2.77,moderate rain
433,Salinopolis,BR,-0.6136,-47.3561,79.32,85,100,11.52,light rain
434,Bonthe,SL,7.5264,-12.505,76.77,89,19,5.08,few clouds
435,Diego De Almagro,CL,-26.3667,-70.05,56.7,74,38,0.63,scattered clouds
436,Hearst,CA,49.6835,-83.6665,6.8,85,100,1.14,overcast clouds
437,Hailey,US,43.5196,-114.3153,32.0,80,90,4.92,overcast clouds
438,Meulaboh,ID,4.1363,96.1285,82.89,71,17,2.17,light rain
439,Tura,IN,25.5198,90.2201,68.04,40,0,0.56,clear sky
440,Kuruman,ZA,-27.4524,23.4325,61.0,83,28,6.13,scattered clouds
441,Seondha,IN,26.1578,78.7797,58.95,36,0,3.87,clear sky
442,Zhezkazgan,KZ,47.8043,67.7144,3.2,78,40,4.47,mist
443,Cordoba,AR,-31.4135,-64.1811,63.0,94,75,8.05,broken clouds
444,Amapa,BR,1.0,-52.0,71.55,98,79,2.64,broken clouds
445,Bundibugyo,UG,0.7414,30.0417,69.19,43,25,2.37,scattered clouds
446,Dwarka,IN,22.2394,68.9678,69.62,62,0,10.76,clear sky
447,Sept-Iles,CA,50.2001,-66.3821,17.6,79,0,2.3,clear sky
448,Savelugu,GH,9.6244,-0.8253,74.05,18,0,6.71,clear sky
449,Lamar,US,33.6668,-95.5836,41.0,60,1,5.75,clear sky
450,Ostrovnoy,RU,68.0531,39.5131,18.3,96,100,6.8,light snow
451,Mezen,RU,65.8522,44.24,13.39,96,100,6.06,light snow
452,Baturaja,ID,-4.1333,104.1667,83.5,69,57,7.54,broken clouds
453,Santo Antonio Do Ica,BR,-3.1022,-67.9397,75.06,95,93,2.01,overcast clouds
454,Upington,ZA,-28.4478,21.2561,64.4,59,0,3.44,clear sky
455,Yendi,GH,9.4427,-0.0099,72.93,19,0,4.5,clear sky
456,La Ronge,CA,55.1001,-105.2842,15.8,86,100,9.22,overcast clouds
457,San Andres,CO,12.5847,-81.7006,80.6,83,20,10.36,few clouds
458,Puerto Baquerizo Moreno,EC,-0.9,-89.6,77.59,84,32,7.67,scattered clouds
459,Kyabram,AU,-36.3167,145.05,77.0,33,0,5.01,clear sky
460,Benguela,AO,-12.5763,13.4055,72.99,81,87,2.48,overcast clouds
461,Synya,RU,65.3718,58.0387,19.06,97,100,12.77,light snow
462,Talaya,RU,61.3833,152.75,-28.28,78,100,6.87,overcast clouds
463,Hami,CN,42.8,93.45,29.53,75,9,3.04,clear sky
464,Maceio,BR,-9.6658,-35.7353,73.4,94,40,3.44,scattered clouds
465,Inhambane,MZ,-23.865,35.3833,77.02,90,86,6.67,overcast clouds
466,Cravinhos,BR,-21.3403,-47.7294,73.4,83,0,3.06,clear sky
467,Guangzhou,CN,23.1167,113.25,75.2,50,0,8.95,clear sky
468,Verkhnevilyuysk,RU,63.4453,120.3167,-41.08,79,83,6.62,broken clouds
469,Plettenberg Bay,ZA,-34.0527,23.3716,59.0,74,7,7.76,clear sky
470,Ambilobe,MG,-13.2,49.05,73.87,91,62,1.88,broken clouds
471,Neryungri,RU,56.6709,124.6491,-28.7,79,100,16.22,overcast clouds
472,Neiafu,TO,-18.65,-173.9833,84.2,84,75,16.11,light rain
473,Yenagoa,NG,4.9247,6.2642,77.61,88,0,2.21,clear sky
474,Port Hueneme,US,34.1478,-119.1951,55.99,94,1,8.05,clear sky
475,Cozumel,MX,20.5083,-86.9458,70.0,77,1,5.99,clear sky
476,Veraval,IN,20.9,70.3667,74.34,35,0,10.47,clear sky
477,Sao Felix Do Xingu,BR,-6.6447,-51.995,72.01,92,2,1.74,clear sky
478,Kribi,CM,2.95,9.9167,79.57,85,34,5.88,scattered clouds
479,Maunabo,PR,18.0072,-65.8993,78.01,82,28,7.0,scattered clouds
480,Walvis Bay,NA,-22.9575,14.5053,66.99,82,74,4.61,broken clouds
481,Saint George,US,37.1041,-113.5841,53.6,40,90,10.36,overcast clouds
482,Rio Gallegos,AR,-51.6226,-69.2181,55.4,62,0,12.66,clear sky
483,Saint-Augustin,CA,51.226,-58.6502,12.45,90,0,5.41,clear sky
484,Puerto Del Rosario,ES,28.5004,-13.8627,64.4,82,90,16.11,overcast clouds
485,Skawina,PL,49.9752,19.8287,21.2,93,20,4.61,mist
486,Santa Isabel Do Rio Negro,BR,-0.4139,-65.0192,74.61,96,100,2.55,moderate rain
487,Sijunjung,ID,-0.6876,100.9537,76.5,86,98,0.25,overcast clouds
488,Jalu,LY,29.0331,21.5482,53.55,76,98,7.14,overcast clouds
489,Fairbanks,US,64.8378,-147.7164,-13.0,64,1,5.3,clear sky
490,Tooele,US,40.5308,-112.2983,39.99,93,1,5.75,clear sky
491,Novoorsk,RU,51.381,58.9813,26.6,93,90,2.24,overcast clouds
492,Izberbash,RU,42.5696,47.8645,42.8,93,75,4.47,broken clouds
493,Portland,US,45.5234,-122.6762,48.99,89,100,5.01,overcast clouds
494,Gostyn,PL,51.8825,17.0123,28.0,92,83,7.31,broken clouds
495,Tayga,RU,56.06,85.6197,-16.6,69,0,5.3,clear sky
496,Great Yarmouth,GB,52.6083,1.7305,39.0,93,75,4.61,snow
497,Faridpur,BD,23.6,89.8333,60.8,94,40,4.61,fog
498,Sexsmith,CA,55.35,-118.786,8.6,85,90,11.5,light snow
499,Turinsk,RU,58.0458,63.696,13.77,95,27,8.93,scattered clouds
500,Abong Mbang,CM,3.9833,13.1833,67.71,88,1,3.42,clear sky
501,Emilio Carranza,MX,19.9711,-96.6114,63.57,80,53,10.74,broken clouds
502,Quilali,NI,13.567,-86.026,68.95,86,1,4.34,clear sky
503,Sibu,MY,2.3,111.8167,82.4,78,40,6.91,scattered clouds
504,Asfi,MA,32.2994,-9.2372,56.71,85,0,14.23,clear sky
505,Gimbi,ET,9.1667,35.8333,59.7,49,97,1.79,overcast clouds
506,Bonavista,CA,48.6499,-53.1147,28.0,86,100,3.44,overcast clouds
507,Aksu,CN,41.1231,80.2644,29.55,72,100,0.81,overcast clouds
508,Oga,IT,46.4631,10.347,44.01,93,75,2.3,broken clouds
509,Bandiagara,ML,14.3501,-3.6104,62.6,34,0,4.61,clear sky
510,College,US,64.8569,-147.8028,-13.0,64,1,6.91,clear sky
511,Berezovyy,RU,51.6667,135.7,-14.53,79,96,1.61,overcast clouds
512,Paita,PE,-5.0892,-81.1144,74.08,76,44,14.63,scattered clouds
513,Santa Rosa,PH,14.3122,121.1114,82.99,65,20,3.44,few clouds
514,Gatesville,US,31.4352,-97.7439,45.0,60,1,5.84,clear sky
515,Abha,SA,18.2164,42.5053,51.8,93,0,0.72,clear sky
516,Praia Da Vitoria,PT,38.7333,-27.0667,57.2,88,75,17.29,broken clouds
517,Halmstad,SE,56.6745,12.8568,27.0,86,20,5.75,few clouds
518,Tubmanburg,LR,6.8708,-10.8172,76.39,92,52,1.72,light rain
519,Port Hardy,CA,50.6996,-127.4199,42.8,100,75,4.61,broken clouds
520,Port Lincoln,AU,-34.7333,135.8667,65.95,56,53,15.35,broken clouds
521,Tortosa,ES,40.8125,0.5216,61.0,65,50,3.0,scattered clouds
522,Bhinga,IN,27.7167,81.9333,56.03,44,0,2.42,clear sky
523,Kupang,ID,-10.1667,123.5833,82.4,83,75,13.8,broken clouds
524,Cabedelo,BR,-6.9811,-34.8339,78.8,83,20,5.75,few clouds
525,Slave Lake,CA,55.2834,-114.769,14.0,85,90,5.75,overcast clouds
526,Eureka,US,40.8021,-124.1637,50.0,95,100,8.88,overcast clouds
527,Whitehorse,CA,60.7161,-135.0538,-5.01,71,90,10.36,snow
528,Tateyama,JP,34.9833,139.8667,59.0,63,75,24.16,broken clouds
529,Obo,CF,5.3998,26.4869,68.85,37,54,2.35,broken clouds
530,Beira,MZ,-19.8436,34.8389,80.6,94,40,4.61,light rain
531,The Valley,AI,18.217,-63.0578,78.8,69,20,20.47,few clouds
532,Kropotkin,RU,45.4375,40.5756,43.29,63,22,5.26,few clouds
533,Puerto Penasco,MX,31.3167,-113.5333,66.99,44,100,4.0,overcast clouds
534,Mato Verde,BR,-15.3972,-42.8664,70.23,76,62,6.96,broken clouds
535,Tiarei,PF,-17.5333,-149.3333,86.0,58,40,3.44,light rain
536,San Carlos De Bariloche,AR,-41.1456,-71.3082,55.4,67,0,5.75,clear sky
537,Carman,CA,49.4992,-98.0016,21.2,93,92,18.41,overcast clouds
538,Shimoda,JP,34.6667,138.95,57.2,58,75,20.71,broken clouds
539,Lanzhou,CN,36.0564,103.7922,26.6,31,0,4.47,clear sky
540,Rocha,UY,-34.4833,-54.3333,68.77,95,37,6.24,scattered clouds
541,Tiznit,MA,29.5833,-9.5,61.52,52,66,1.25,broken clouds
542,Yaan,NG,7.3833,8.5667,76.98,80,1,9.78,light rain
543,Zyryanka,RU,65.75,150.85,-18.53,87,100,18.21,light snow
544,Huinan,CN,42.6225,126.2614,-2.85,85,100,13.89,overcast clouds
545,Margate,GB,51.3813,1.3862,42.01,88,100,3.0,moderate rain
546,Katangli,RU,51.7102,143.2326,-18.99,83,100,13.06,overcast clouds
547,Hualmay,PE,-11.0964,-77.6139,69.89,81,73,8.72,broken clouds
548,Kurchum,KZ,48.5722,83.6542,16.65,94,100,1.79,light snow
549,Liverpool,GB,53.4106,-2.9779,37.4,93,90,14.97,moderate rain
550,Novo Aripuana,BR,-5.1206,-60.3797,74.91,91,49,2.51,scattered clouds
551,Ketchikan,US,55.3422,-131.6461,30.2,100,1,3.62,clear sky
552,Sechura,PE,-5.5569,-80.8222,74.97,70,84,14.58,broken clouds
553,Santa Cruz Del Sur,CU,20.7147,-77.9956,74.71,80,0,8.59,moderate rain
554,Nykoping,SE,58.753,17.0079,26.6,100,90,3.44,light snow
555,Pisco,PE,-13.7,-76.2167,70.0,73,0,8.05,clear sky
556,Kirensk,RU,57.7853,108.1119,-30.3,82,79,3.24,broken clouds
557,Bend,US,44.0582,-121.3153,44.6,65,1,17.27,clear sky
558,Birao,CF,10.2849,22.7882,70.23,23,0,4.74,clear sky
559,Oum Hadjer,TD,13.2954,19.6966,69.31,22,0,8.19,clear sky
560,Areosa,PT,41.7178,-8.8571,59.0,94,75,12.66,broken clouds
561,Nicoya,CR,10.1483,-85.452,80.6,57,0,19.57,clear sky
562,Fortuna Foothills,US,32.6578,-114.4119,66.2,34,1,11.5,clear sky
563,Corralillo,CU,22.9819,-80.5856,65.84,73,60,15.52,light rain
564,Linhares,BR,-19.3911,-40.0722,71.51,93,100,0.56,overcast clouds
565,Jeremoabo,BR,-10.075,-38.4808,71.83,88,29,8.88,scattered clouds
566,Quincy,US,42.2529,-71.0023,35.01,100,90,28.77,snow
567,Touros,BR,-5.1989,-35.4608,78.8,78,40,5.75,scattered clouds
568,Lukovetskiy,RU,64.2956,41.9211,19.4,86,75,6.71,broken clouds
569,Anloga,GH,5.7947,0.8973,82.4,89,20,5.75,few clouds
570,Yulara,AU,-25.2406,130.9889,89.6,23,60,14.97,broken clouds
571,Kuytun,RU,54.3419,101.5036,-15.72,86,100,3.42,overcast clouds
572,Calamar,CO,10.2511,-74.9146,77.0,94,40,4.61,scattered clouds
573,Manadhoo,MV,5.7667,73.3833,83.46,69,94,23.26,overcast clouds
574,Samarinda,ID,-0.5,117.15,88.9,55,88,3.33,overcast clouds
575,Vilhena,BR,-12.7406,-60.1458,70.38,92,92,1.34,overcast clouds
576,Nong Khai,TH,17.9167,103.0833,79.0,79,0,6.76,clear sky
577,Seoul,KR,37.5683,126.9778,26.6,26,0,13.8,clear sky
578,Jiwani,PK,25.05,61.7417,66.76,69,0,6.82,clear sky
579,Tromso,NO,69.6496,18.957,23.0,86,0,3.44,clear sky
580,Paamiut,GL,61.994,-49.6678,11.84,90,48,14.43,scattered clouds
581,Chipiona,ES,36.7366,-6.437,55.4,100,90,1.14,overcast clouds
582,Lubao,PH,14.9167,120.55,84.2,47,75,9.22,broken clouds
583,Pak Phanang,TH,8.3511,100.202,87.8,70,20,4.61,few clouds
584,Kaabong,UG,3.4836,34.1492,65.7,44,82,8.16,broken clouds
585,Tubuala,PA,9.5167,-79.0333,80.6,74,20,4.61,few clouds
586,Khor,RU,47.8861,134.9464,-18.15,81,60,16.67,broken clouds
587,Grand-Santi,GF,4.25,-54.3833,72.3,96,95,2.37,overcast clouds
588,Formosa Do Rio Preto,BR,-11.0483,-45.1931,67.8,90,0,2.04,clear sky
589,Flin Flon,CA,54.7682,-101.865,14.23,96,100,9.75,overcast clouds
590,Salair,RU,54.2312,85.7972,7.27,88,0,4.23,clear sky
591,Rawson,AR,-43.3002,-65.1023,72.95,31,72,22.44,broken clouds
592,Upata,VE,8.0086,-62.3989,75.99,85,97,5.01,overcast clouds
593,Martaban,MM,16.5314,97.6111,81.68,45,0,4.65,clear sky
594,Belmonte,BR,-15.8631,-38.8828,78.8,73,40,4.61,scattered clouds
595,La Paz,BO,-16.5,-68.15,46.4,76,75,8.05,broken clouds
596,Ukiah,US,39.1502,-123.2078,51.8,87,90,8.05,mist
597,Zhangjiakou,CN,40.81,114.8794,17.31,55,0,13.04,clear sky
598,Viedma,AR,-40.8135,-62.9967,57.99,81,0,10.0,clear sky
599,Nemuro,JP,43.3236,145.575,41.0,52,20,14.97,few clouds
600,Port Moresby,PG,-9.4431,147.1797,80.6,78,75,19.57,light rain
601,Sharkan,RU,57.2989,53.8712,19.0,90,100,8.14,snow
602,Maniitsoq,GL,65.4167,-52.9,1.49,87,55,17.76,broken clouds
603,Scarborough,GB,54.2797,-0.4044,39.0,78,100,5.01,light rain
604,Enshi,CN,30.3,109.4833,54.14,65,90,0.92,overcast clouds
605,Itarema,BR,-2.9248,-39.9167,78.24,81,100,12.88,overcast clouds
606,Matagami,CA,49.7502,-77.6328,-2.2,84,75,2.3,broken clouds
607,Port Blair,IN,11.6667,92.75,81.48,71,0,14.45,clear sky
608,Cascais,PT,38.6979,-9.4215,57.99,95,100,10.83,overcast clouds
609,Kununurra,AU,-15.7667,128.7333,91.4,70,99,6.91,overcast clouds
610,Naze,JP,28.3667,129.4833,60.8,77,75,14.97,broken clouds
611,Fuerte Olimpo,PY,-21.0415,-57.8738,80.85,77,46,6.02,scattered clouds
612,North Platte,US,41.1239,-100.7654,33.01,86,1,6.91,clear sky
613,Wajid,SO,3.8093,43.2471,66.58,78,43,19.55,scattered clouds
614,Sakata,JP,38.9167,139.855,35.6,69,75,19.57,light snow
615,Burns Lake,CA,54.2331,-125.7533,24.8,86,100,1.14,overcast clouds
616,Mkushi,ZM,-13.6202,29.3939,62.17,96,100,4.54,overcast clouds
617,Nishihara,JP,26.1842,127.7558,66.0,77,90,11.5,light rain
618,Livny,RU,52.4253,37.6069,18.75,97,67,9.24,broken clouds
619,Kapoeta,SS,4.7717,33.5903,80.47,30,77,12.77,broken clouds
620,Chernyshevskiy,RU,63.0128,112.4714,-39.98,82,49,3.06,scattered clouds
621,La Palma,US,33.8464,-118.0467,62.6,72,75,3.83,broken clouds
622,Hervey Bay,AU,-25.2986,152.8535,89.01,42,40,6.91,scattered clouds
623,Ayotzintepec,MX,17.6667,-96.1333,61.92,84,100,3.02,overcast clouds
624,Unhel,IN,23.3333,75.5667,64.15,28,0,4.97,clear sky
625,Ochakiv,UA,46.6128,31.5498,33.8,100,90,4.61,mist
626,Elko,US,41.0002,-115.5012,42.8,42,1,8.05,clear sky
627,San Jeronimo,PE,-11.9472,-75.2829,50.32,73,100,3.53,overcast clouds
628,Lethem,GY,3.3803,-59.7968,78.21,64,0,10.74,clear sky
629,Churapcha,RU,62.0025,132.4325,-46.03,75,89,5.66,overcast clouds
630,Hanna,CA,51.6334,-111.9018,14.0,86,100,5.01,overcast clouds
631,Dong Hoi,VN,17.4833,106.6,72.09,81,75,5.93,broken clouds
632,Ulaanbaatar,MN,47.9077,106.8832,-13.0,70,75,1.1,broken clouds
633,Mackenzie,CA,55.2999,-123.1698,19.4,86,90,9.22,overcast clouds
634,Solnechnyy,RU,50.7214,136.6319,-13.34,84,100,3.74,overcast clouds
635,Aswan,EG,24.0934,32.907,57.78,56,70,3.44,broken clouds
636,Qaqortoq,GL,60.7167,-46.0333,26.6,74,40,2.3,scattered clouds
637,Rock Sound,BS,24.9,-76.2,72.88,65,26,32.21,scattered clouds
638,Andalucia,CO,4.1706,-76.1664,67.78,79,73,0.96,broken clouds
639,Mackay,AU,-21.15,149.2,87.01,65,56,12.66,broken clouds
640,Dabakala,CI,8.3667,-4.4333,69.87,24,1,2.24,clear sky
641,Turayf,SA,31.6725,38.6637,44.6,81,0,16.11,clear sky
642,Dabola,GN,10.75,-11.1167,65.37,25,0,2.19,clear sky
643,Chandia,IN,23.65,80.7,62.11,29,1,1.39,clear sky
644,Valvedditturai,LK,9.8167,80.1667,78.93,76,72,18.28,broken clouds
645,Muros,ES,42.7762,-9.0603,59.0,86,100,8.01,overcast clouds
646,Torres,BR,-29.3353,-49.7269,71.73,90,0,5.06,clear sky
647,Aasiaat,GL,68.7098,-52.8699,1.2,92,100,14.32,light snow
648,Biak,ID,-0.9131,122.8766,84.72,62,100,1.81,overcast clouds
649,Huarmey,PE,-10.0681,-78.1522,69.94,81,96,5.79,overcast clouds
650,Noumea,NC,-22.2763,166.4572,79.0,100,75,17.27,light rain
651,Pochinok,RU,54.4068,32.4407,8.24,96,91,2.71,overcast clouds
652,Mayo,US,38.8876,-76.5119,33.8,93,90,10.36,light snow
653,Ballarat,AU,-37.5662,143.8496,64.99,57,3,8.01,clear sky
654,Pringsewu,ID,-5.3582,104.9744,83.05,72,75,5.75,broken clouds
655,Port Shepstone,ZA,-30.7414,30.455,68.0,69,100,4.63,overcast clouds
656,Aviles,ES,43.5547,-5.9248,62.6,51,40,21.85,scattered clouds
657,Sokolo,ML,14.7328,-6.1219,65.86,21,100,9.89,overcast clouds
658,Loudi,CN,27.7344,111.9944,56.95,63,37,5.59,scattered clouds
659,Teguldet,RU,57.3064,88.1667,-10.97,88,77,2.35,broken clouds
660,Calabozo,VE,8.9242,-67.4293,80.51,47,99,7.94,overcast clouds
661,Ancud,CL,-41.8697,-73.8203,55.0,76,0,5.75,clear sky
662,Pekan,MY,3.4836,103.3996,82.4,74,20,6.91,few clouds
663,Arak,IR,34.0917,49.6892,34.54,77,0,1.86,clear sky
664,North Bend,US,43.4065,-124.2243,48.2,93,90,6.91,overcast clouds
665,Barcelos,PT,41.5388,-8.6151,57.2,94,75,12.66,broken clouds
666,Marystown,CA,47.1666,-55.1483,27.14,91,0,5.1,clear sky
667,Saint-Louis,SN,16.3333,-15.0,72.79,18,95,9.33,overcast clouds
668,Agadez,NE,19.75,10.25,55.99,29,0,3.56,clear sky
669,Gravdal,NO,68.1214,13.5031,34.57,84,99,4.92,light snow
670,Kattivakkam,IN,13.2167,80.3167,77.0,83,40,2.3,mist
671,Bogale,MM,16.2833,95.4,79.59,42,0,9.06,clear sky
672,Vila Velha,BR,-20.3297,-40.2925,77.0,83,20,4.61,few clouds
673,Tigil,RU,57.8,158.6667,-4.18,90,100,6.22,overcast clouds
674,Kalabo,ZM,-14.97,22.6814,67.17,93,100,10.25,overcast clouds
675,Donskoye,RU,45.4552,41.9741,37.4,65,0,4.47,clear sky
676,Sawakin,SD,19.1059,37.3321,74.07,83,64,2.59,broken clouds
677,Los Planes,HN,14.05,-88.0167,55.49,96,18,10.47,few clouds
678,Pathein,MM,16.7833,94.7333,79.99,48,2,9.55,clear sky
679,Malanje,AO,-9.5402,16.341,63.7,100,94,3.44,light rain
680,Namatanai,PG,-3.6667,152.4333,81.81,80,100,8.84,moderate rain
681,Kosh-Agach,RU,50.0,88.6667,2.43,72,29,1.5,scattered clouds
682,Samur,RU,41.8253,48.486,42.19,82,1,2.33,clear sky
683,Antalaha,MG,-14.9003,50.2788,75.06,87,65,7.18,broken clouds
684,Ust-Ishim,RU,57.6935,71.1665,9.5,96,100,5.59,overcast clouds
685,Providencia,MX,28.7167,-111.5833,62.01,58,68,10.2,broken clouds
686,Lensk,RU,60.7253,114.9278,-29.15,79,100,10.63,overcast clouds
687,Arica,CL,-18.475,-70.3042,69.8,64,0,3.44,clear sky
688,Constantine,DZ,36.365,6.6147,50.0,66,75,8.05,broken clouds
689,Baruun-Urt,MN,46.6806,113.2792,-14.44,83,0,8.23,clear sky
690,Biryusinsk,RU,55.9634,97.8235,-14.58,86,96,4.03,overcast clouds
691,Porto Nacional,BR,-10.7081,-48.4172,75.2,94,20,2.3,few clouds
692,Niteroi,BR,-22.8833,-43.1036,82.4,83,40,8.05,scattered clouds
693,Kutum,SD,14.2,24.6667,60.26,31,0,6.24,clear sky
694,Paka,MY,4.6374,103.4368,80.6,83,40,8.05,scattered clouds
